{
  "mIoU": 0.492838235697943,
  "pixel_accuracy": 0.913863031982232,
  "per_class_iou": [
    0.0,
    0.03787985865724382,
    0.7929552127042687,
    0.7676316884798594,
    0.8923147854503559,
    0.8514987484038823,
    0.03926981300089047,
    0.2760793852617613,
    0.40642780479209173,
    0.7012441217331388,
    0.6282574994731049,
    0.0,
    0.43388008040631354,
    0.0,
    0.587335558187103,
    0.6004399123409968,
    0.6121173715387794,
    0.9418034099432799,
    0.684772847494741,
    0.8640479235189054,
    0.5332345585036973,
    0.9287240586870908,
    0.4767389181842657,
    0.0,
    0.7355031464157004,
    0.0,
    0.8066265329915548,
    0.35944924250555654,
    0.0,
    0.6252414323649984,
    0.5227988319116013,
    0.6645507993829928
  ]
}